alias,name
825903,CAHS LISSIMAN ST
824503,RPH PA2 INTERIM INNOVATION HUB
823123,BHP PERTH STAGE 1
823118,PROJECT MIMOSA - MAIN WORKS
724503,MSD ANIMAL HEALTH
724305,TALLEBUDGERA SURF CLUB
724124,104 Melbourne street - L6 & 8
724122,Campbell Place - EOT
724120,GOLD COAST CITY COUNCIL - REFU
624903,EST9100 ALBATROSS TRANCHE 1
624506,OBSTETRIC PATIENT THEATRE WORK
624504,CSSD NORTH CANBERRA HOSPITAL
624104,LAUNCESTON - ALBERT HALL RENEW
425107,AUSGRID OURIMBAH DEPOT
425103,AMAZON DNS5 POP UP
424503,CANADA BAY COUNCIL RECREATION
424404,SYD AIRPORT - T1 PIER B EAST B
424305,Hilton Sydney Refurbishment
424137,AUSGRID NEWCASTLE OFFICE
424132,CBRE SYDNEY OFFICE
424130,ABF - FIELD OPERATIONS MASCOT
424123,PERPETUAL SYDNEY - ECI
424115,ISPT 255 PITT ST
423122,ABC SAP - ULTIMO
324611,FLINDERS UNI - STAGE 2 UNDERGR
324606,DIT - Seaview Downs Primary School Redevelopment
324602,ADELAIDE UNI - UNION BUILDING
324504,GENESISCARE PLAYFORD HEALTH HUB
324122,DIT - SAPOL PROJECT 6 POLICE H
324109,DIT SAPOL P2 BLACKBURN HOUSE
224502,SANDRINGHAM HOSPITAL OUTPATIENT
224133,ALLENS MELBOURNE WORKPLACE
224126,TGE Fitout 417 St Kilda Rd (Fee)
224126,TGE FITOUT 417 ST KILDA RD
224123,Western Bulldogs Womens Health & Leadership Hub
224121,WHITE AND CASE - RIALTO
124904,EST08306 RB MWD FACILITY
124603,CDU BLUE 8
32404,Port Adelaide
	
	
	
